{"cameraMode":{"drawMode":0,"name":"Shaded","section":"Shading Mode"},"sceneLighting":true,"audioPlay":false,"sceneViewState":{"m_AlwaysRefresh":false,"showFog":true,"showSkybox":true,"showFlares":true,"showImageEffects":true,"showParticleSystems":true,"showVisualEffectGraphs":true,"m_FxEnabled":true},"in2DMode":false,"pivot":{"x":2.6045572757720949,"y":0.6451042890548706,"z":0.5370068550109863},"rotation":{"x":0.17048227787017823,"y":-0.17138053476810456,"z":0.0301249660551548,"w":0.9698753356933594},"size":8.146686553955079,"orthographic":true}