{"cameraMode":{"drawMode":0,"name":"Shaded","section":"Shading Mode"},"sceneLighting":false,"audioPlay":false,"sceneViewState":{"m_AlwaysRefresh":false,"showFog":true,"showSkybox":false,"showFlares":true,"showImageEffects":true,"showParticleSystems":true,"showVisualEffectGraphs":true,"m_FxEnabled":true},"in2DMode":false,"pivot":{"x":4.6682963371276859,"y":1.5361707210540772,"z":-0.0038002729415893556},"rotation":{"x":0.17048227787017823,"y":-0.17138053476810456,"z":0.0301249660551548,"w":0.9698753356933594},"size":3.7077903747558595,"orthographic":true}